Player,Country,Team,Goals,Season
Ruud van Nistelrooy,Netherlands,Manchester United,25,2002-2003
Thierry Henry,France,Arsenal FC,24,2002-2003
James Beattie,England,Southampton FC,23,2002-2003
Mark Viduka,Australia,Leeds United,20,2002-2003
Michael Owen,England,Liverpool FC,19,2002-2003
Alan Shearer,England,Newcastle United,17,2002-2003
Nicolas Anelka,France,Manchester City,14,2002-2003
Robbie Keane,Ireland,Tottenham Hotspur,14,2002-2003
Harry Kewell,Australia,Leeds United,14,2002-2003
Robert Pirés,France,Arsenal FC,14,2002-2003
Paul Scholes,England,Manchester United,14,2002-2003
Gianfranco Zola,Italy,Chelsea FC,14,2002-2003
Teddy Sheringham,England,Tottenham Hotspur,12,2002-2003
Jimmy Floyd Hasselbaink,Netherlands,Chelsea FC,11,2002-2003
Tomasz Radzinski,Canada,Everton FC,11,2002-2003
Kevin Campbell,England,Everton FC,10,2002-2003
Dion Dublin,England,Aston Villa,10,2002-2003
Jason Euell,Jamaica,Charlton Athletic,10,2002-2003
Eiður Guðjohnsen,Iceland,Chelsea FC,10,2002-2003
Sylvain Wiltord,France,Arsenal FC,10,2002-2003
Milan Baroš,Czech Republic,Liverpool FC,9,2002-2003
Paolo Di Canio,Italy,West Ham United,9,2002-2003
Damien Duff,Ireland,Blackburn Rovers,9,2002-2003
Marc-Vivien Foé,Cameroon,Manchester City,9,2002-2003
Massimo Maccarone,Italy,Middlesbrough FC,9,2002-2003
Ole Gunnar Solskjær,Norway,Manchester United,9,2002-2003
Jermain Defoe,England,West Ham United,8,2002-2003
David Dunn,England,Blackburn Rovers,8,2002-2003
Ryan Giggs,Wales,Manchester United,8,2002-2003
Trevor Sinclair,England,West Ham United,8,2002-2003
Darius Vassell,England,Aston Villa,8,2002-2003
Dwight Yorke,Trinidad & Tobago,Blackburn Rovers,8,2002-2003
Craig Bellamy,Wales,Newcastle United,7,2002-2003
Andy Cole,England,Blackburn Rovers,7,2002-2003
Youri Djorkaeff,France,Bolton Wanderers,7,2002-2003
Shaun Goater,Bermuda,Manchester City,7,2002-2003
Danny Murphy,England,Liverpool FC,7,2002-2003
Szilárd Németh,Slovakia,Middlesbrough FC,7,2002-2003
Geremi Njitap,Cameroon,Middlesbrough FC,7,2002-2003
Jay Jay Okocha,Nigeria,Bolton Wanderers,7,2002-2003
Henrik Pedersen,Denmark,Bolton Wanderers,7,2002-2003
Michael Ricketts,England,Middlesbrough FC,7,2002-2003
Nolberto Solano,Peru,Newcastle United,7,2002-2003
David Beckham,England,Manchester United,6,2002-2003
Diego Forlán,Uruguay,Manchester United,6,2002-2003
Emile Heskey,England,Liverpool FC,6,2002-2003
Jermaine Jenas,England,Newcastle United,6,2002-2003
Claus Jensen,Denmark,Charlton Athletic,6,2002-2003
Frank Lampard,England,Chelsea FC,6,2002-2003
Freddie Ljungberg,Sweden,Arsenal FC,6,2002-2003
Steed Malbranque,France,Fulham FC,6,2002-2003
Clinton Morrison,Ireland,Birmingham City,6,2002-2003
Kevin Phillips,England,Sunderland AFC,6,2002-2003
John Arne Riise,Norway,Liverpool FC,6,2002-2003
Wayne Rooney,England,Everton FC,6,2002-2003
Marcus Allbäck,Sweden,Aston Villa,5,2002-2003
Shola Ameobi,Nigeria,Newcastle United,5,2002-2003
Simon Davies,Wales,Tottenham Hotspur,5,2002-2003
Danny Dichio,England,West Bromwich Albion,5,2002-2003
Scott Dobie,Scotland,West Bromwich Albion,5,2002-2003
Christophe Dugarry,France,Birmingham City,5,2002-2003
Steven Gerrard,England,Liverpool FC,5,2002-2003
Geoff Horsfield,England,Birmingham City,5,2002-2003
Stern John,St. Lucia,Birmingham City,5,2002-2003
Frédéric Kanouté,Mali,West Ham United,5,2002-2003
Nwankwo Kanu,Nigeria,Arsenal FC,5,2002-2003
Brett Ormerod,England,Southampton FC,5,2002-2003
Gustavo Poyet,Uruguay,Tottenham Hotspur,5,2002-2003
Laurent Robert,France,Newcastle United,5,2002-2003
Louis Saha,France,Fulham FC,5,2002-2003
Facundo Sava,Argentina,Fulham FC,5,2002-2003
David Unsworth,England,Everton FC,5,2002-2003
Steve Watson,England,Everton FC,5,2002-2003
Nick Barmby,England,Leeds United,4,2002-2003
Shaun Bartlett,South Africa,Charlton Athletic,4,2002-2003
Dennis Bergkamp,Netherlands,Arsenal FC,4,2002-2003
Malcolm Christie,England,Middlesbrough FC,4,2002-2003
Joe Cole,England,West Ham United,4,2002-2003
Les Ferdinand,England,West Ham United,4,2002-2003
Tore André Flo,Norway,Sunderland AFC,4,2002-2003
Robbie Fowler,England,Manchester City,4,2002-2003
William Gallas,France,Chelsea FC,4,2002-2003
Jesper Grønkjær,Denmark,Chelsea FC,4,2002-2003
Lee Hendrie,England,Aston Villa,4,2002-2003
Joseph-Désiré Job,Cameroon,Middlesbrough FC,4,2002-2003
Jason Koumas,Wales,West Bromwich Albion,4,2002-2003
Sylvain Legwinski,France,Fulham FC,4,2002-2003
Kevin Lisbie,Jamaica,Charlton Athletic,4,2002-2003
Steve Marlet,France,Fulham FC,4,2002-2003
Brian McBride,USA,Everton FC,4,2002-2003
Scott Parker,England,Charlton Athletic,4,2002-2003
Robbie Savage,Wales,Birmingham City,4,2002-2003
Mario Stanić,Croatia,Chelsea FC,4,2002-2003
David Thompson,England,Blackburn Rovers,4,2002-2003
Gareth Barry,England,Aston Villa,3,2002-2003
Ali Benarbia,Algeria,Manchester City,3,2002-2003
Lee Bowyer,England,West Ham United,3,2002-2003
Lee Carsley,Ireland,Everton FC,3,2002-2003
Neil Clement,England,West Bromwich Albion,3,2002-2003
Carlton Cole,England,Chelsea FC,3,2002-2003
Sean Davis,England,Fulham FC,3,2002-2003
Paul Devlin,Scotland,Birmingham City,3,2002-2003
El-Hadji Diouf,Senegal,Liverpool FC,3,2002-2003
Ugo Ehiogu,England,Middlesbrough FC,3,2002-2003
Fabrice Fernandes,France,Southampton FC,3,2002-2003
Ian Harte,Ireland,Leeds United,3,2002-2003
Sami Hyypiä,Finland,Liverpool FC,3,2002-2003
Jonatan Johansson,Finland,Charlton Athletic,3,2002-2003
Juninho Paulista,Brazil,Middlesbrough FC,3,2002-2003
Paul Konchesky,England,Charlton Athletic,3,2002-2003
Øyvind Leonhardsen,Norway,Aston Villa,3,2002-2003
Jermaine Pennant,England,Arsenal FC,3,2002-2003
Jamie Redknapp,England,Tottenham Hotspur,3,2002-2003
Jason Roberts,Grenada,West Bromwich Albion,3,2002-2003
Alan Smith,England,Leeds United,3,2002-2003
John Terry,England,Chelsea FC,3,2002-2003
Patrick Vieira,France,Arsenal FC,3,2002-2003
Igor Bališ,Slovakia,West Bromwich Albion,2,2002-2003
Olivier Bernard,France,Newcastle United,2,2002-2003
Boa Morte,Portugal,Fulham FC,2,2002-2003
Alen Bokšić,Croatia,Middlesbrough FC,2,2002-2003
Sol Campbell,England,Arsenal FC,2,2002-2003
Lee Clark,England,Fulham FC,2,2002-2003
Stephen Clemence,England,Birmingham City,2,2002-2003
Marcel Desailly,France,Chelsea FC,2,2002-2003
Kieron Dyer,England,Newcastle United,2,2002-2003
Edu Gaspar,Brazil,Arsenal FC,2,2002-2003
Gary Flitcroft,England,Blackburn Rovers,2,2002-2003
Per Frandsen,Denmark,Bolton Wanderers,2,2002-2003
Ricardo Gardner,Jamaica,Bolton Wanderers,2,2002-2003
Jonathan Greening,England,Middlesbrough FC,2,2002-2003
Jóhannes Guðjónsson,Iceland,Aston Villa,2,2002-2003
Dietmar Hamann,Germany,Liverpool FC,2,2002-2003
Thomas Hitzlsperger,Germany,Aston Villa,2,2002-2003
Stephen Howey,England,Manchester City,2,2002-2003
Bryan Hughes,England,Birmingham City,2,2002-2003
Hugo Viana,Portugal,Newcastle United,2,2002-2003
Junichi Inamoto,Japan,Fulham FC,2,2002-2003
Iván Campo,Spain,Bolton Wanderers,2,2002-2003
Francis Jeffers,England,Arsenal FC,2,2002-2003
Jovan Kirovski,USA,Birmingham City,2,2002-2003
Radostin Kishishev,Bulgaria,Charlton Athletic,2,2002-2003
Stan Lazaridis,Australia,Birmingham City,2,2002-2003
Graeme Le Saux,England,Chelsea FC,2,2002-2003
Lomana LuaLua,Congo DR,Newcastle United,2,2002-2003
Derek McInnes,Scotland,West Bromwich Albion,2,2002-2003
James Milner,England,Leeds United,2,2002-2003
Darren Moore,Jamaica,West Bromwich Albion,2,2002-2003
Ian Pearce,England,West Ham United,2,2002-2003
Michael Proctor,England,Sunderland AFC,2,2002-2003
Dean Richards,England,Tottenham Hotspur,2,2002-2003
Chris Riggott,England,Middlesbrough FC,2,2002-2003
Richard Rufus,England,Charlton Athletic,2,2002-2003
Gareth Southgate,England,Middlesbrough FC,2,2002-2003
Gary Speed,Wales,Newcastle United,2,2002-2003
Hakan Şükür,Turkey,Blackburn Rovers,2,2002-2003
Jihai Sun,China,Manchester City,2,2002-2003
Anders Svensson,Sweden,Southampton FC,2,2002-2003
Michael Svensson,Sweden,Southampton FC,2,2002-2003
Martin Taylor,England,Blackburn Rovers,2,2002-2003
Jo Tessem,Norway,Southampton FC,2,2002-2003
Kolo Touré,Ivory Coast,Arsenal FC,2,2002-2003
Juan Sebastián Verón,Argentina,Manchester United,2,2002-2003
Christian Ziege,Germany,Tottenham Hotspur,2,2002-2003
Jérémie Aliadiére,France,Arsenal FC,1,2002-2003
Juan Pablo Ángel,Colombia,Aston Villa,1,2002-2003
Celestine Babayaro,Nigeria,Chelsea FC,1,2002-2003
Eirik Bakke,Norway,Leeds United,1,2002-2003
Chris Bart-Williams,England,Charlton Athletic,1,2002-2003
Joey Barton,England,Manchester City,1,2002-2003
David Bellion,France,Sunderland AFC,1,2002-2003
Henning Berg,Norway,Blackburn Rovers,1,2002-2003
Guðni Bergsson,Iceland,Bolton Wanderers,1,2002-2003
Eyal Berkovic,Israel,Manchester City,1,2002-2003
Wayne Bridge,England,Southampton FC,1,2002-2003
Steven Caldwell,Scotland,Newcastle United,1,2002-2003
Michael Carrick,England,West Ham United,1,2002-2003
Ashley Cole,England,Arsenal FC,1,2002-2003
Jody Craddock,England,Sunderland AFC,1,2002-2003
Pascal Cygan,France,Arsenal FC,1,2002-2003
Kevin Davies,England,Southampton FC,1,2002-2003
Ulises De la Cruz,Ecuador,Aston Villa,1,2002-2003
Salif Diao,Senegal,Liverpool FC,1,2002-2003
Martin Djetou,France,Fulham FC,1,2002-2003
Gary Doherty,Ireland,Tottenham Hotspur,1,2002-2003
Lauren Etame Mayer,Cameroon,Arsenal FC,1,2002-2003
Matthew Etherington,England,Tottenham Hotspur,1,2002-2003
Delroy Facey,Grenada,Bolton Wanderers,1,2002-2003
Gareth Farrelly,Ireland,Bolton Wanderers,1,2002-2003
Mark Fish,South Africa,Charlton Athletic,1,2002-2003
Jonathan Fortune,England,Charlton Athletic,1,2002-2003
Anthony Gardner,England,Tottenham Hotspur,1,2002-2003
Corrado Grabbi,Italy,Blackburn Rovers,1,2002-2003
Thomas Gravesen,Denmark,Everton FC,1,2002-2003
Michael Gray,England,Sunderland AFC,1,2002-2003
Sean Gregan,England,West Bromwich Albion,1,2002-2003
Andy Griffin,England,Newcastle United,1,2002-2003
Jon Harley,England,Fulham FC,1,2002-2003
Barry Hayles,Jamaica,Fulham FC,1,2002-2003
Craig Hignett,England,Blackburn Rovers,1,2002-2003
Darren Huckerby,England,Manchester City,1,2002-2003
Aaron Hughes,Northern Ireland,Newcastle United,1,2002-2003
Steffen Iversen,Norway,Tottenham Hotspur,1,2002-2003
Niclas Jensen,Denmark,Manchester City,1,2002-2003
Andy Johnson,England,West Bromwich Albion,1,2002-2003
Damien Johnson,Northern Ireland,Birmingham City,1,2002-2003
Seth Johnson,England,Leeds United,1,2002-2003
Jeff Kenna,Ireland,Birmingham City,1,2002-2003
Tugay Kerimoğlu,Turkey,Blackburn Rovers,1,2002-2003
Kevin Kilbane,Ireland,Sunderland AFC,1,2002-2003
Teddy Lučić,Sweden,Leeds United,1,2002-2003
Chris Marsden,England,Southampton FC,1,2002-2003
Lee Marshall,England,West Bromwich Albion,1,2002-2003
Jason McAteer,Ireland,Sunderland AFC,1,2002-2003
Gavin McCann,England,Sunderland AFC,1,2002-2003
Olof Mellberg,Sweden,Aston Villa,1,2002-2003
Danny Mills,England,Leeds United,1,2002-2003
Stefan Moore,England,Aston Villa,1,2002-2003
Bruno N'Gotty,France,Bolton Wanderers,1,2002-2003
Gary Naysmith,Scotland,Everton FC,1,2002-2003
Phil Neville,England,Manchester United,1,2002-2003
Kevin Nolan,England,Bolton Wanderers,1,2002-2003
Egil Østenstad,Norway,Blackburn Rovers,1,2002-2003
Marians Pahars,Latvia,Southampton FC,1,2002-2003
Mark Pembridge,Wales,Everton FC,1,2002-2003
Chris Perry,England,Tottenham Hotspur,1,2002-2003
Emmanuel Petit,France,Chelsea FC,1,2002-2003
Darren Purse,England,Birmingham City,1,2002-2003
Franck Queudrue,France,Middlesbrough FC,1,2002-2003
Gary Rowett,England,Charlton Athletic,1,2002-2003
Craig Short,England,Blackburn Rovers,1,2002-2003
Mikaël Silvestre,France,Manchester United,1,2002-2003
David Sommeil,Guadeloupe,Manchester City,1,2002-2003
Marcus Stewart,England,Sunderland AFC,1,2002-2003
Mauricio Taricco,Argentina,Tottenham Hotspur,1,2002-2003
Sean Thornton,Ireland,Sunderland AFC,1,2002-2003
Andy Todd,England,Blackburn Rovers,1,2002-2003
Giovanni van Bronckhorst,Netherlands,Arsenal FC,1,2002-2003
Noel Whelan,England,Middlesbrough FC,1,2002-2003
Jason Wilcox,England,Leeds United,1,2002-2003
Pierre Womé,Cameroon,Fulham FC,1,2002-2003
Shaun Wright-Phillips,England,Manchester City,1,2002-2003
Boudewijn Zenden,Netherlands,Chelsea FC,1,2002-2003
